Título,Moneda,Precio,Dirección,Enlace
Somma Parque Bustamante - Metro Irarrázaval Ñuñoa,$,518140,"San Eugenio 401, Parque San Eugenio - Metro Ñuble, Ñuñoa, RM (Metropolitana)",https://www.portalinmobiliario.com/arriendo/departamento/nunoa-metropolitana/888888366-somma-parque-bustamante-nva#polycard_client=search-nordic&position=1&search_layout=grid&type=item&tracking_id=d6b850ad-4eae-4d79-925c-be423f031ec0
IMU San Cristóbal,$,538111,"Inés Matte Urrejola 900, Providencia, Las Condes, Bellavista, Providencia, RM (Metropolitana)",https://www.portalinmobiliario.com/arriendo/departamento/providencia-metropolitana/11473--imu-san-cristobal-nva#polycard_client=search-nordic&position=2&search_layout=grid&type=item&tracking_id=1a5f0312-9c50-4d38-97e0-b42b915c0eb7
Activa Juan Mitjans,$,550000,"Juan Mitjans 135, Metro Rodrigo de Araya, Macul, RM (Metropolitana)",https://www.portalinmobiliario.com/arriendo/departamento/macul-metropolitana/888888360-activa-juan-mitjans-nva#polycard_client=search-nordic&position=3&search_layout=grid&type=item&tracking_id=c496595f-3eb5-438e-ab17-7eeb44278892
Arriendo Depto a pasos del Metro Chile-España en Ñuñoa,$,500700,"Av. Irarrázaval 2899, Plaza Ñuñoa, Ñuñoa, RM (Metropolitana)",https://www.portalinmobiliario.com/arriendo/departamento/nunoa-metropolitana/999999994-somma-plaza-nunoa-nva#polycard_client=search-nordic&position=4&search_layout=grid&type=item&tracking_id=f9d55d89-cf97-4af4-ab11-39866a0ab85a
INSITU Irarrázaval,$,504824,"Avenida Irarrázaval 2250, Metro Ñuñoa, Ñuñoa, RM (Metropolitana)",https://www.portalinmobiliario.com/arriendo/departamento/nunoa-metropolitana/888888887-insitu-irarrazaval-nva#polycard_client=search-nordic&position=5&search_layout=grid&type=item&tracking_id=212a2af3-27c6-45b5-8d4b-cc1c7962fdea
Nomad Bellet,$,499675,"Antonio Bellet 126, Providencia, Pedro de Valdivia, Providencia, RM (Metropolitana)",https://www.portalinmobiliario.com/arriendo/departamento/providencia-metropolitana/11485-nomad-bellet-nva#polycard_client=search-nordic&position=6&search_layout=grid&type=item&tracking_id=b94fe736-de7c-4d47-84f3-1e64c152bce4
"Arriendo 2d+2b Carmen 121, Metro Santa Lucía",$,500000,"Carmen 121, Santiago, Santa Isabel, Santiago, RM (Metropolitana)",https://www.portalinmobiliario.com/MLC-2808039090-arriendo-2d2b-carmen-121-metro-santa-lucia-_JM#polycard_client=search-nordic&position=7&search_layout=grid&type=item&tracking_id=f5b822c4-977a-4772-8832-7ce761774a19
"Arriendo Departamento Nuevo 2d+2b Avenida España, Santiago",$,530000,"Av. España 702, Santiago, Barrio República, Santiago, RM (Metropolitana)",https://www.portalinmobiliario.com/MLC-1556326377-arriendo-departamento-nuevo-2d2b-avenida-espana-santiago-_JM#polycard_client=search-nordic&position=8&search_layout=grid&type=item&tracking_id=79a56081-4ad6-45ef-9d07-7bfbbefbeb0e
Departamento Vicuña Mackenna Id: 39583,$,500000,"Vicuña Mackenna, Barrio Oriente - Las Tres Pascualas, Concepción, Biobío",https://www.portalinmobiliario.com/MLC-2813321122-departamento-vicuna-mackenna-id-39583-_JM#polycard_client=search-nordic&position=9&search_layout=grid&type=item&tracking_id=6d2bbd2f-510b-45b0-94f2-93061d769b20
Departamento En Arriendo De 2 Dorm. En Concepción,$,500000,"Orompello 1470, Concepción, Barrio Poniente, Concepción, Biobío",https://www.portalinmobiliario.com/MLC-2814801566-departamento-en-arriendo-de-2-dorm-en-concepcion-_JM#polycard_client=search-nordic&position=10&search_layout=grid&type=item&tracking_id=70f34f48-0d5f-4547-8ea0-cc50bfb14d33
"Hermoso Depto 3d2b1e Vista Bahia Viña, Sin Amoblar",$,550000,"C. Del Agua 1050, Viña Del Mar, Recreo, Viña Del Mar, Valparaíso",https://www.portalinmobiliario.com/MLC-2820619216-hermoso-depto-3d2b1e-vista-bahia-vina-sin-amoblar-_JM#polycard_client=search-nordic&position=11&search_layout=grid&type=item&tracking_id=e2db4d19-a62d-42c6-b3db-afacfe146f78
Departamento Walker Martínez Id: 143802,$,530000,"Walker Martínez, La Florida, RM (Metropolitana)",https://www.portalinmobiliario.com/MLC-1552324219-departamento-walker-martinez-id-143802-_JM#polycard_client=search-nordic&position=12&search_layout=grid&type=item&tracking_id=08c0f54e-48a5-491c-a30e-551440a52b3d
Departamento Primera Avenida Id: 134713,$,560000,"Primera Avenida, Ciudad del Niño, San Miguel, RM (Metropolitana)",https://www.portalinmobiliario.com/MLC-1563590407-departamento-primera-avenida-id-134713-_JM#polycard_client=search-nordic&position=13&search_layout=grid&type=item&tracking_id=70502838-17b1-4386-9d81-0963706bac1a
Departamento Las Encinas Id: 120659,$,500000,"Las Encinas, Los Romeros - Los Manantiales, Concón, Valparaíso",https://departamento.mercadolibre.cl/MLC-1546277203-departamento-las-encinas-id-120659-_JM#polycard_client=search-nordic&position=14&search_layout=grid&type=item&tracking_id=c4674c3e-6eb2-424d-9759-882ae9053cc6
Departamento Altamirano Id: 140063,$,500000,"Altamirano, Playa Ancha, Valparaíso, Valparaíso",https://departamento.mercadolibre.cl/MLC-1547142185-departamento-altamirano-id-140063-_JM#polycard_client=search-nordic&position=15&search_layout=grid&type=item&tracking_id=7f5f57f6-41fe-4ead-a2c5-f50ba3c88c79
Departamento Diagonal Vicuña Mackenna Id: 110512,$,530000,"Diagonal Vicuña Mackenna, Bogotá - Sierra Bella, Santiago, RM (Metropolitana)",https://www.portalinmobiliario.com/MLC-1560522619-departamento-diagonal-vicuna-mackenna-id-110512-_JM#polycard_client=search-nordic&position=16&search_layout=grid&type=item&tracking_id=ea854345-953d-4e09-8ee5-bbc29a53776d
Departamento Avenida Punta Arenas Id: 142119,$,520000,"Avenida Punta Arenas, Plaza Vespucio, La Florida, RM (Metropolitana)",https://www.portalinmobiliario.com/MLC-2802136096-departamento-avenida-punta-arenas-id-142119-_JM#polycard_client=search-nordic&position=17&search_layout=grid&type=item&tracking_id=5cdcd491-0834-4e88-ac83-9d81606e6928
Departamento Padre Rene Pienovi Id: 144746,$,570000,"Padre Rene Pienovi, Recreo, Viña Del Mar, Valparaíso",https://www.portalinmobiliario.com/MLC-2807052302-departamento-padre-rene-pienovi-id-144746-_JM#polycard_client=search-nordic&position=18&search_layout=grid&type=item&tracking_id=926f8403-4ede-49f9-b327-0665a628f936
Departamento Miraflores Id: 144605,$,550000,"Miraflores, Lorenzo Arenas, Concepción, Biobío",https://www.portalinmobiliario.com/MLC-1558990507-departamento-miraflores-id-144605-_JM#polycard_client=search-nordic&position=19&search_layout=grid&type=item&tracking_id=202a5234-7757-4bac-b8f2-e72bac3a7b97
"Metro Monseñor Eyzaguirre 1d1b + Est Y Bdga, Ñuñoa",$,570000,"Lincoyán 1050, Ñuñoa, Metro Monseñor Eyzaguirre, Ñuñoa, RM (Metropolitana)",https://www.portalinmobiliario.com/MLC-1560962523-metro-monsenor-eyzaguirre-1d1b-est-y-bdga-nunoa-_JM#polycard_client=search-nordic&position=20&search_layout=grid&type=item&tracking_id=da345795-91fa-49a7-85dc-ce2a108575c2
Edificio Argomedo (1 Est. 1 Bod.) Vista Norte Piso 2,$,523000,"Argomedo 344, Santa Isabel, Santiago, RM (Metropolitana)",https://www.portalinmobiliario.com/MLC-1545877087-edificio-argomedo-1-est-1-bod-vista-norte-piso-2-_JM#polycard_client=search-nordic&position=21&search_layout=grid&type=item&tracking_id=2478da3b-89d3-48b8-bc75-62bc8a69326f
Arriendo Departamento Nuevo 2d/2b Puerto Montt,$,500000,"Volcán Corcovado 5820, Puerto Montt, La Paloma, Puerto Montt, Los Lagos",https://www.portalinmobiliario.com/MLC-1564679211-arriendo-departamento-nuevo-2d2b-puerto-montt-_JM#polycard_client=search-nordic&position=22&search_layout=grid&type=item&tracking_id=91a84d8e-62b4-4b90-95e5-35163deae3b4
Se Arrienda Moderno Departamento Portal De La Frontera,$,500000,"Av. Martin Lutero 2440, Estadio Germán Becker, Temuco, La Araucanía",https://www.portalinmobiliario.com/MLC-2824903248-se-arrienda-moderno-departamento-portal-de-la-frontera-_JM#polycard_client=search-nordic&position=23&search_layout=grid&type=item&tracking_id=818b1204-a360-4dfc-ac37-04c1d75ef3e2
Arriendo Amplio Departamento 2d En Suite Avenida España 702,$,530000,"Av. España 702, Santiago, Barrio República, Santiago, RM (Metropolitana)",https://www.portalinmobiliario.com/MLC-2827060038-arriendo-amplio-departamento-2d-en-suite-avenida-espana-702-_JM#polycard_client=search-nordic&position=24&search_layout=grid&type=item&tracking_id=a6d37ce9-2c69-4f56-a6b0-848e4e366a55
Departamento Avenida Macul Id: 39351,$,560000,"Avenida Macul, Metro Macul, Macul, RM (Metropolitana)",https://www.portalinmobiliario.com/MLC-2822283050-departamento-avenida-macul-id-39351-_JM#polycard_client=search-nordic&position=25&search_layout=grid&type=item&tracking_id=56d5dbf3-2a08-42e9-98d3-d07b7a115e49
Departamento Avenida Vicuña Mackenna Poniente Id: 119962,$,600000,"Avenida Vicuña Mackenna Poniente, Plaza Vespucio, La Florida, RM (Metropolitana)",https://www.portalinmobiliario.com/MLC-2810287142-departamento-avenida-vicuna-mackenna-poniente-id-119962-_JM#polycard_client=search-nordic&position=26&search_layout=grid&type=item&tracking_id=cbdeeb5e-5e32-424c-ae64-d7554cb3f2c0
Departamento Avenida Américo Vespucio Id: 143898,$,500000,"Avenida Américo Vespucio, El Rosal, Maipú, RM (Metropolitana)",https://www.portalinmobiliario.com/MLC-2816607372-departamento-avenida-americo-vespucio-id-143898-_JM#polycard_client=search-nordic&position=27&search_layout=grid&type=item&tracking_id=16ee223f-e77b-44b7-beb0-e08f0d627005
Departamento San Fernando Id: 144908,$,500000,"San Fernando, General Gambino, Conchalí, RM (Metropolitana)",https://www.portalinmobiliario.com/MLC-1560678765-departamento-san-fernando-id-144908-_JM#polycard_client=search-nordic&position=28&search_layout=grid&type=item&tracking_id=87ac3d5a-821d-4eb2-8393-05233f61d376
Departamento 2 Dormitorios 2 Baños. Año 2019.,$,550000,"Fray Camilo 650, Barrio Diez de Julio, Santiago, RM (Metropolitana)",https://www.portalinmobiliario.com/MLC-1560929435-departamento-2-dormitorios-2-banos-ano-2019-_JM#polycard_client=search-nordic&position=29&search_layout=grid&type=item&tracking_id=d994e645-41ad-4b0d-a912-ce015c431ef3
Metro Escuela Militar/ Incluye Estacionamiento,$,580000,"Luis Rodríguez Velasco 4650, Las Condes, Región Metropolitana, Chile, Metro Escuela Militar, Las Condes, RM (Metropolitana)",https://www.portalinmobiliario.com/MLC-2824169882-metro-escuela-militar-incluye-estacionamiento-_JM#polycard_client=search-nordic&position=30&search_layout=grid&type=item&tracking_id=9fb3bc90-a697-4ccc-807c-8148f81fec1d
Departamento En Arriendo De 2 Dorm. En Concepción,$,550000,"Orompello, Concepción Centro, Centro de Concepción, Concepción, Biobío",https://www.portalinmobiliario.com/MLC-2815402744-departamento-en-arriendo-de-2-dorm-en-concepcion-_JM#polycard_client=search-nordic&position=31&search_layout=grid&type=item&tracking_id=92b27308-0456-464c-bc47-8e5f879fe28c
Edificio Av. Concon Reñaca (1 Est. 1 Bod.) Vista Norte Pis,$,545000,"Av. Concon Reñaca 4357, Costas de Montemar, Concón, Valparaíso",https://departamento.mercadolibre.cl/MLC-2767870572-edificio-av-concon-renaca-1-est-1-bod-vista-norte-pis-_JM#polycard_client=search-nordic&position=32&search_layout=grid&type=item&tracking_id=b468d5d2-0f87-4973-9792-5235282b4d1f
Departamento Avenida Jardines De Reñaca Id: 72548,$,538111,"Avenida Jardines De Reñaca, Reñaca, Viña Del Mar, Valparaíso",https://www.portalinmobiliario.com/MLC-1566936785-departamento-avenida-jardines-de-renaca-id-72548-_JM#polycard_client=search-nordic&position=33&search_layout=grid&type=item&tracking_id=756ca57e-bb5e-403d-9522-67924c027d74
Departamento Avenida Quilín Id: 41411,$,600000,"Avenida Quilín, Metro Quilín, Macul, RM (Metropolitana)",https://www.portalinmobiliario.com/MLC-1565832515-departamento-avenida-quilin-id-41411-_JM#polycard_client=search-nordic&position=34&search_layout=grid&type=item&tracking_id=bcaa64f5-7ef6-4d50-a9d8-f21c0b5b0be2
Departamento Padre Rene Pienovi Id: 145699,$,550000,"Padre Rene Pienovi, Agua Santa, Viña Del Mar, Valparaíso",https://departamento.mercadolibre.cl/MLC-2824940690-departamento-padre-rene-pienovi-id-145699-_JM#polycard_client=search-nordic&position=35&search_layout=grid&type=item&tracking_id=8cd51009-1ee0-47c7-88af-a9f9becb1800
Departamento Juan Martínez De Rozas Id: 145617,$,530000,"Juan Martínez De Rozas, Barrio Poniente, Concepción, Biobío",https://www.portalinmobiliario.com/MLC-1566563175-departamento-juan-martinez-de-rozas-id-145617-_JM#polycard_client=search-nordic&position=36&search_layout=grid&type=item&tracking_id=c10f7e3e-696f-44f3-9791-9d49c67f493f
Departamento Avenida Vicuña Mackenna Poniente Id: 102037,$,600000,"Avenida Vicuña Mackenna Poniente, Plaza Vespucio, La Florida, RM (Metropolitana)",https://www.portalinmobiliario.com/MLC-1566475611-departamento-avenida-vicuna-mackenna-poniente-id-102037-_JM#polycard_client=search-nordic&position=37&search_layout=grid&type=item&tracking_id=aeab1d5b-7b40-4975-8726-354147bdd5d8
Departamento Central Id: 27952,$,530000,"Central, Montemar, Concón, Valparaíso",https://www.portalinmobiliario.com/MLC-1566898617-departamento-central-id-27952-_JM#polycard_client=search-nordic&position=38&search_layout=grid&type=item&tracking_id=36c61f75-9026-449b-8413-d37d1ff88275
Departamento Fuenzalida Urrejola Id: 145755,$,506000,"Fuenzalida Urrejola, Lo Ovalle, La Cisterna, RM (Metropolitana)",https://www.portalinmobiliario.com/MLC-1566823391-departamento-fuenzalida-urrejola-id-145755-_JM#polycard_client=search-nordic&position=39&search_layout=grid&type=item&tracking_id=cb7fb810-231a-471f-95b0-205a47275ef0
Departamento Vicuña Mackenna Id: 145724,$,550000,"Vicuña Mackenna, Metro Camino Agrícola, Macul, RM (Metropolitana)",https://www.portalinmobiliario.com/MLC-2827061102-departamento-vicuna-mackenna-id-145724-_JM#polycard_client=search-nordic&position=40&search_layout=grid&type=item&tracking_id=974ef72e-2a37-4693-8ebc-1c51052bb74d
Departamento Camino Del Sol Id: 144896,$,550000,"Camino Del Sol, Paso Hondo, Quilpué, Valparaíso",https://www.portalinmobiliario.com/MLC-2809677950-departamento-camino-del-sol-id-144896-_JM#polycard_client=search-nordic&position=41&search_layout=grid&type=item&tracking_id=a48225fb-97b5-45ef-a333-7dccde8b5e3a
Departamento Quinta Id: 141243,$,580000,"Quinta, El Retiro - Zoológico, Quilpué, Valparaíso",https://www.portalinmobiliario.com/MLC-1562268567-departamento-quinta-id-141243-_JM#polycard_client=search-nordic&position=42&search_layout=grid&type=item&tracking_id=66b8395b-0772-4ba3-b4e6-b19b304bf92d
Departamento Avenida Santa Rosa Id: 116042,$,585000,"Avenida Santa Rosa, Santa Isabel, Santiago, RM (Metropolitana)",https://www.portalinmobiliario.com/MLC-1566883673-departamento-avenida-santa-rosa-id-116042-_JM#polycard_client=search-nordic&position=43&search_layout=grid&type=item&tracking_id=812d7ae1-2144-4e83-b672-f087c4d66a20
Departamento Ibsen Id: 112278,$,500000,"Ibsen, Valparaíso, Valparaíso",https://www.portalinmobiliario.com/MLC-2813209020-departamento-ibsen-id-112278-_JM#polycard_client=search-nordic&position=44&search_layout=grid&type=item&tracking_id=3e9f4d23-9e03-43dd-a3b4-8434de968cf4
Departamento Domeyko Id: 54576,$,600000,"Domeyko, Ejército - Toesca, Santiago, RM (Metropolitana)",https://www.portalinmobiliario.com/MLC-1564595953-departamento-domeyko-id-54576-_JM#polycard_client=search-nordic&position=45&search_layout=grid&type=item&tracking_id=5575b52f-b89a-47a1-97da-9671f0d73d99
Departamento Lazo Id: 143356,$,580000,"Lazo, Lo Vial, San Miguel, RM (Metropolitana)",https://www.portalinmobiliario.com/MLC-2824850742-departamento-lazo-id-143356-_JM#polycard_client=search-nordic&position=46&search_layout=grid&type=item&tracking_id=66bd14e3-2aa3-49cc-8bc0-67c92560e02b
Departamento Avenida Escuela Agrícola Id: 145170,$,540000,"Avenida Escuela Agrícola, Metro Camino Agrícola, Macul, RM (Metropolitana)",https://www.portalinmobiliario.com/MLC-2822265870-departamento-avenida-escuela-agricola-id-145170-_JM#polycard_client=search-nordic&position=47&search_layout=grid&type=item&tracking_id=33674989-3768-4fbb-bb35-0871f93cc3af
Departamento Cardenal Samoré Id: 119596,$,500000,"Cardenal Samoré, Viña Del Mar, Valparaíso",https://www.portalinmobiliario.com/MLC-1566819953-departamento-cardenal-samore-id-119596-_JM#polycard_client=search-nordic&position=48&search_layout=grid&type=item&tracking_id=9cb52ff2-63b7-472e-acd9-fb6f2eeb8a58
Departamento Cardenal Samoré Id: 119596,$,500000,"Cardenal Samoré, Viña Del Mar, Valparaíso",https://www.portalinmobiliario.com/MLC-1566819953-departamento-cardenal-samore-id-119596-_JM#polycard_client=search-nordic&position=1&search_layout=grid&type=item&tracking_id=9cb40c1d-0f0e-4537-9c3e-d71a3731388a
Departamento Vicuña Mackenna Id: 121688,$,540000,"Vicuña Mackenna, Reñaca, Viña Del Mar, Valparaíso",https://www.portalinmobiliario.com/MLC-2825590950-departamento-vicuna-mackenna-id-121688-_JM#polycard_client=search-nordic&position=2&search_layout=grid&type=item&tracking_id=e2d2efd3-6b09-45a2-b3eb-8a3401c3df0b
Departamento Maestra Lidia Torres Id: 109543,$,570000,"Maestra Lidia Torres, Cerro Blanco, Recoleta, RM (Metropolitana)",https://www.portalinmobiliario.com/MLC-2818848538-departamento-maestra-lidia-torres-id-109543-_JM#polycard_client=search-nordic&position=3&search_layout=grid&type=item&tracking_id=56be5273-f2be-46ed-a68b-b86ebf9588ff
Departamento Las Encinas Id: 28900,$,500000,"Las Encinas, Los Romeros - Los Manantiales, Concón, Valparaíso",https://www.portalinmobiliario.com/MLC-1566892535-departamento-las-encinas-id-28900-_JM#polycard_client=search-nordic&position=4&search_layout=grid&type=item&tracking_id=cf32d4a2-5804-446c-8375-f4508941b386
Departamento Nueva Cuatro Id: 144395,$,550000,"Nueva Cuatro, Plaza Vespucio, La Florida, RM (Metropolitana)",https://www.portalinmobiliario.com/MLC-1563567163-departamento-nueva-cuatro-id-144395-_JM#polycard_client=search-nordic&position=5&search_layout=grid&type=item&tracking_id=1e47734a-5ac8-4d69-8a99-aaf34738fe75
Departamento Álvarez De Toledo Id: 144729,$,500000,"Álvarez De Toledo, El Llano, San Miguel, RM (Metropolitana)",https://www.portalinmobiliario.com/MLC-1566936719-departamento-alvarez-de-toledo-id-144729-_JM#polycard_client=search-nordic&position=6&search_layout=grid&type=item&tracking_id=57baef88-3e52-4a61-8505-1255b4417831
Departamento Almahue Id: 141978,$,520000,"Almahue, Metro Mirador, La Florida, RM (Metropolitana)",https://www.portalinmobiliario.com/MLC-1565899817-departamento-almahue-id-141978-_JM#polycard_client=search-nordic&position=7&search_layout=grid&type=item&tracking_id=00a7619c-1764-4543-872a-911645db74bd
Departamento Avenida Manuel Rodríguez Sur Id: 76252,$,520000,"Avenida Manuel Rodríguez Sur, Centro Histórico de Santiago, Santiago, RM (Metropolitana)",https://departamento.mercadolibre.cl/MLC-2824937372-departamento-avenida-manuel-rodriguez-sur-id-76252-_JM#polycard_client=search-nordic&position=8&search_layout=grid&type=item&tracking_id=4a3ae0ad-40ab-48de-ba79-0e46c9678201
Departamento Avenida Vicuña Mackenna Poniente Id: 145409,$,530000,"Avenida Vicuña Mackenna Poniente, Metro Mirador, La Florida, RM (Metropolitana)",https://www.portalinmobiliario.com/MLC-1564602261-departamento-avenida-vicuna-mackenna-poniente-id-145409-_JM#polycard_client=search-nordic&position=9&search_layout=grid&type=item&tracking_id=4475b1a6-134d-47a4-92cc-536dc6a612ad
Departamento Calle J Id: 118633,$,560000,"Calle J, Brisas del Sol, Talcahuano, Biobío",https://www.portalinmobiliario.com/MLC-1562243293-departamento-calle-j-id-118633-_JM#polycard_client=search-nordic&position=10&search_layout=grid&type=item&tracking_id=b597b1a9-1050-4769-a79f-c5b5dcd22d6f
Departamento Lago Pirihueico Id: 139957,$,500000,"Lago Pirihueico, Plaza Vespucio, La Florida, RM (Metropolitana)",https://www.portalinmobiliario.com/MLC-2794512204-departamento-lago-pirihueico-id-139957-_JM#polycard_client=search-nordic&position=11&search_layout=grid&type=item&tracking_id=0889306a-9b21-4b98-aa3d-0971494a6fa5
Departamento Avenida Américo Vespucio Id: 145463,$,550000,"Avenida Américo Vespucio, Metro Las Torres, Macul, RM (Metropolitana)",https://www.portalinmobiliario.com/MLC-1565507329-departamento-avenida-americo-vespucio-id-145463-_JM#polycard_client=search-nordic&position=12&search_layout=grid&type=item&tracking_id=42643aa4-a1e1-4326-b0cc-5cf98d6555b1
Departamento García Hurtado De Mendoza Id: 144588,$,520000,"García Hurtado De Mendoza, Vicente Valdés, La Florida, RM (Metropolitana)",https://www.portalinmobiliario.com/MLC-2805462194-departamento-garcia-hurtado-de-mendoza-id-144588-_JM#polycard_client=search-nordic&position=13&search_layout=grid&type=item&tracking_id=c866beaf-590b-4be0-abf0-e1669ccbd355
Departamento Maipú Id: 141379,$,506000,"Maipú, Centro de Concepción, Concepción, Biobío",https://www.portalinmobiliario.com/MLC-2821941260-departamento-maipu-id-141379-_JM#polycard_client=search-nordic&position=14&search_layout=grid&type=item&tracking_id=5af7e86a-196a-405b-b53e-904814f63fcc
Departamento Avenida Costanera Andalién Id: 144390,$,540000,"Avenida Costanera Andalién, Lomas de San Sebastián, Concepción, Biobío",https://www.portalinmobiliario.com/MLC-2825457514-departamento-avenida-costanera-andalien-id-144390-_JM#polycard_client=search-nordic&position=15&search_layout=grid&type=item&tracking_id=461d5fa3-5cdb-4d89-b771-ee144b3072bf
Departamento Guardia Marina Riquelme Id: 143617,$,538111,"Guardia Marina Riquelme, Lo Vial, San Miguel, RM (Metropolitana)",https://www.portalinmobiliario.com/MLC-1566847637-departamento-guardia-marina-riquelme-id-143617-_JM#polycard_client=search-nordic&position=16&search_layout=grid&type=item&tracking_id=685d4757-472f-4c60-982c-f9ba6ca6b79d
Departamento Arcadia Id: 145228,$,600000,"Arcadia, El Llano, San Miguel, RM (Metropolitana)",https://www.portalinmobiliario.com/MLC-1566898573-departamento-arcadia-id-145228-_JM#polycard_client=search-nordic&position=17&search_layout=grid&type=item&tracking_id=e3ee4bcc-c5d2-4197-a3ec-026b2054f64a
Departamento Zañartu Id: 144394,$,520000,"Zañartu, Estadio Nacional, Ñuñoa, RM (Metropolitana)",https://www.portalinmobiliario.com/MLC-2825645366-departamento-zanartu-id-144394-_JM#polycard_client=search-nordic&position=18&search_layout=grid&type=item&tracking_id=8463f415-158f-4107-af81-404169cf21e1
Departamento Novena Avenida Id: 145494,$,510000,"Novena Avenida, Ciudad del Niño, San Miguel, RM (Metropolitana)",https://www.portalinmobiliario.com/MLC-1566885775-departamento-novena-avenida-id-145494-_JM#polycard_client=search-nordic&position=19&search_layout=grid&type=item&tracking_id=4ee0274a-6524-4722-aabe-b223c205efed
Dueño Arrienda Dp Metro Vicente Valdes,$,600000,"Las Acacias 7700, La Florida, Vicente Valdés, La Florida, RM (Metropolitana)",https://www.portalinmobiliario.com/MLC-2825647912-dueno-arrienda-dp-metro-vicente-valdes-_JM#polycard_client=search-nordic&position=20&search_layout=grid&type=item&tracking_id=f0a757fd-3905-47b7-b499-c0b1601fb1d4
Rebajado Primer Mes. Mall Florida Center,$,500000,"Av. Vicuña Mackenna Poniente 6100, La Florida, Metro Mirador, La Florida, RM (Metropolitana)",https://www.portalinmobiliario.com/MLC-2820618190-rebajado-primer-mes-mall-florida-center-_JM#polycard_client=search-nordic&position=21&search_layout=grid&type=item&tracking_id=e476cbd2-57ee-4729-87ba-7e3f131a7961
Edificio Zañartu Vista Oriente Piso 10,$,535000,"Zañartu 980, Estadio Nacional, Ñuñoa, RM (Metropolitana)",https://www.portalinmobiliario.com/MLC-1560587431-edificio-zanartu-vista-oriente-piso-10-_JM#polycard_client=search-nordic&position=22&search_layout=grid&type=item&tracking_id=5bda61ac-6b9b-4437-a90c-1cee44dcdbf4
Departamento En Jardin Urbano 1,$,550000,"Patricio Lynch 930, Valdivia, Valdivia, Los Ríos",https://www.portalinmobiliario.com/MLC-2778150396-departamento-en-jardin-urbano-1-_JM#polycard_client=search-nordic&position=23&search_layout=grid&type=item&tracking_id=521d4e84-c450-4a9c-bf28-b7f19555dec0
"Nuevo, 2d/2b En Suite, Cerca Av. Alemana, Mall, Colegios,",$,600000,"Av. San Martín 150, Temuco, Araucanía, Chile, Estadio Germán Becker, Temuco, La Araucanía",https://www.portalinmobiliario.com/MLC-1564434995-nuevo-2d2b-en-suite-cerca-av-alemana-mall-colegios-_JM#polycard_client=search-nordic&position=24&search_layout=grid&type=item&tracking_id=fde60b27-8b3a-48a2-99c5-1219e318f173
Edificio Cuarta Avenida (1 Est. 1 Bod.) Vista Poniente Piso,$,545000,"Cuarta Avenida 1350, Ciudad del Niño, San Miguel, RM (Metropolitana)",https://www.portalinmobiliario.com/MLC-1561745025-edificio-cuarta-avenida-1-est-1-bod-vista-poniente-piso-_JM#polycard_client=search-nordic&position=25&search_layout=grid&type=item&tracking_id=57c6383b-b956-4175-86e7-fa119a4a04d4
Edificio Colón Vista Poniente Piso 7,$,500000,"Colón 6435, Lo Ovalle, La Cisterna, RM (Metropolitana)",https://departamento.mercadolibre.cl/MLC-2793735168-edificio-colon-vista-poniente-piso-7-_JM#polycard_client=search-nordic&position=26&search_layout=grid&type=item&tracking_id=e3759d9a-2936-4cbe-9b6d-14ce1eb74ba2
Edificio Litorina (1 Est. 1 Bod.),$,550000,"Litorina 210, Reñaca, Viña Del Mar, Valparaíso",https://www.portalinmobiliario.com/MLC-1562759945-edificio-litorina-1-est-1-bod-_JM#polycard_client=search-nordic&position=27&search_layout=grid&type=item&tracking_id=d91eafb1-b49d-466d-a458-aee489ba5210
Departamento De 3d/2b En Vicuña Mackenna!,$,590000,"Av. Vicuña Mackenna 692, Ñuñoa, Metro Irarrázaval, Ñuñoa, RM (Metropolitana)",https://www.portalinmobiliario.com/MLC-2824941190-departamento-de-3d2b-en-vicuna-mackenna-_JM#polycard_client=search-nordic&position=28&search_layout=grid&type=item&tracking_id=a2b3df6c-44f7-424a-a89c-af7ee53a2c21
Departamento 1d/1b En Manuel Montt. Ñuñoa,$,540000,"Avenida Manuel Montt 2515, Metro Monseñor Eyzaguirre, Ñuñoa, RM (Metropolitana)",https://www.portalinmobiliario.com/MLC-1566524799-departamento-1d1b-en-manuel-montt-nunoa-_JM#polycard_client=search-nordic&position=29&search_layout=grid&type=item&tracking_id=1e62f7da-ae71-4ca7-bc42-d30058f54b8a
Depto Metro R De Araya 2d-2b-1e-1b Muchacomunarea Conversabe,$,519990,"Vicuña Mackenna 2935, Rodrigo de Araya, San Joaquín, RM (Metropolitana)",https://www.portalinmobiliario.com/MLC-1565818925-depto-metro-r-de-araya-2d-2b-1e-1b-muchacomunarea-conversabe-_JM#polycard_client=search-nordic&position=30&search_layout=grid&type=item&tracking_id=107692fa-04e7-4e04-a8d3-64dafa9c489f
Sector Metro Ñuñoa 1d/1b Terraza Estacionamiento,$,530000,"Av. Pedro De Valdivia 2847, Ñuñoa, Metro Ñuñoa, Ñuñoa, RM (Metropolitana)",https://www.portalinmobiliario.com/MLC-2797433924-sector-metro-nunoa-1d1b-terraza-estacionamiento-_JM#polycard_client=search-nordic&position=31&search_layout=grid&type=item&tracking_id=c1f2789d-0aac-4035-b7c7-39b143794d51
"Santiago Centro Dos Habitaciones, Estacionamiento Y Bodega",$,500000,"Huérfanos 1400, Santiago, Centro Histórico de Santiago, Santiago, RM (Metropolitana)",https://www.portalinmobiliario.com/MLC-2823559656-santiago-centro-dos-habitaciones-estacionamiento-y-bodega-_JM#polycard_client=search-nordic&position=32&search_layout=grid&type=item&tracking_id=39979347-a987-4fca-9b0a-51c4f47ba2ca
Departamento Recién Remodelado En Lo Barnechea,$,576548,"Avenida Las Condes 14550, Lo Barnechea, Chile, Plaza San Enrique, Lo Barnechea, RM (Metropolitana)",https://www.portalinmobiliario.com/MLC-2823840446-departamento-recien-remodelado-en-lo-barnechea-_JM#polycard_client=search-nordic&position=33&search_layout=grid&type=item&tracking_id=d6fe43ea-bf98-4976-9f76-fcff15490bd4
Amplio Familiar Y Seguro Departamento A Pasos De Metro Macul,$,575000,"Amplio Familiar Y Seguro Departamento A Pasos De Metro Macul, Metro Macul, Macul, RM (Metropolitana)",https://www.portalinmobiliario.com/MLC-1560162765-amplio-familiar-y-seguro-departamento-a-pasos-de-metro-macul-_JM#polycard_client=search-nordic&position=34&search_layout=grid&type=item&tracking_id=37830422-7f96-4f3a-9335-914eeb5d6a16
Arriendo La Concepcion - 2d2b+est+bod - Metro Vicente Valdés,$,500000,"Calle La Concepcion 7663 Edificio Alike Metro Vicente Valdes, Vicente Valdés, La Florida, RM (Metropolitana)",https://www.portalinmobiliario.com/MLC-2791434426-arriendo-la-concepcion-2d2bestbod-metro-vicente-valdes-_JM#polycard_client=search-nordic&position=35&search_layout=grid&type=item&tracking_id=f41198fd-f15e-48c9-89fe-1c63cf3910ae
Edificio Litorina (1 Est. 1 Bod.),$,550000,"Litorina 210, Reñaca, Viña Del Mar, Valparaíso",https://www.portalinmobiliario.com/MLC-2815455504-edificio-litorina-1-est-1-bod-_JM#polycard_client=search-nordic&position=36&search_layout=grid&type=item&tracking_id=8247b79e-31c6-4796-8609-1c7bd779ec05
Departamento En Arriendo De 2 Dorm. En San Miguel,$,530000,"San Nicolas 1446, Lo Vial, San Miguel, RM (Metropolitana)",https://www.portalinmobiliario.com/MLC-1551044177-departamento-en-arriendo-de-2-dorm-en-san-miguel-_JM#polycard_client=search-nordic&position=37&search_layout=grid&type=item&tracking_id=79eb8cfd-2172-4b7c-9497-876519de9e09
Arriendo Depto. 3d/2b + Est Y Bod - San Miguel,$,540000,"Guardia Marina Riquelme 4880, Lo Vial, San Miguel, RM (Metropolitana)",https://www.portalinmobiliario.com/MLC-1558570691-arriendo-depto-3d2b-est-y-bod-san-miguel-_JM#polycard_client=search-nordic&position=38&search_layout=grid&type=item&tracking_id=73458f77-cd9d-4694-a854-ade445edfff8
Arriendo Depto. 2d/2b + Est Y Bod - Macul,$,520000,"Av. Quilín 4931, Metro Quilín, Macul, RM (Metropolitana)",https://www.portalinmobiliario.com/MLC-2816532474-arriendo-depto-2d2b-est-y-bod-macul-_JM#polycard_client=search-nordic&position=39&search_layout=grid&type=item&tracking_id=e1ecfa87-2d48-48f7-ac40-5699fba47702
Departamento En Arriendo De 2 Dorm. 1 Baño En Concón,$,560000,"Avenida Costa De Montemar, Costas de Montemar, Concón, Valparaíso",https://www.portalinmobiliario.com/MLC-1559129239-departamento-en-arriendo-de-2-dorm-1-bano-en-concon-_JM#polycard_client=search-nordic&position=40&search_layout=grid&type=item&tracking_id=b7b328ef-b089-4318-98f0-6c60202b1915
Departamento Metro San Miguel Estilo Mariposa,$,600000,"Arcángel 1218, San Miguel, El Llano, San Miguel, RM (Metropolitana)",https://www.portalinmobiliario.com/MLC-2824909804-departamento-metro-san-miguel-estilo-mariposa-_JM#polycard_client=search-nordic&position=41&search_layout=grid&type=item&tracking_id=455dd6d0-6d2f-4bbd-b68c-60c98093f533
Departamento | Edificio Panorámico | Gómez Carreño,$,560000,"Av. Gómez Carreño 4050, Viña Del Mar, Gómez Carreño, Viña Del Mar, Valparaíso",https://www.portalinmobiliario.com/MLC-2806639396-departamento-edificio-panoramico-gomez-carreno-_JM#polycard_client=search-nordic&position=42&search_layout=grid&type=item&tracking_id=c6aea3e3-e715-499a-a3c2-df65b648914f
Departamento Acogedor Macul (49 Mts2) Video Tour,$,500000,"Exequiel Fernández 2302, Macul, Las Dalias, Macul, RM (Metropolitana)",https://www.portalinmobiliario.com/MLC-2814783940-departamento-acogedor-macul-49-mts2-video-tour-_JM#polycard_client=search-nordic&position=43&search_layout=grid&type=item&tracking_id=c5047bdb-1769-4611-8b8d-e66064987b48
Deptos. A Pasos Del Colegio Mackay En Reñaca,$,550000,"Vicuña Mackenna, Viña Del Mar, Reñaca, Viña Del Mar, Valparaíso",https://www.portalinmobiliario.com/MLC-2794290350-deptos-a-pasos-del-colegio-mackay-en-renaca-_JM#polycard_client=search-nordic&position=44&search_layout=grid&type=item&tracking_id=b57d6438-3814-404f-9f91-ed998e4d8db8
Departamento En Arriendo De 2 Dorm. En Concón,$,600000,"Escriva De Balaguer 770, Costas de Montemar, Concón, Valparaíso",https://www.portalinmobiliario.com/MLC-2759782084-departamento-en-arriendo-de-2-dorm-en-concon-_JM#polycard_client=search-nordic&position=45&search_layout=grid&type=item&tracking_id=ea7d4d4b-21f8-4596-844c-c5e6fd9b7eff
Departamento2 Dormitorios 2 Baños La Florida Estacionamiento,$,600000,"Alonso De Ercilla 8550, La Florida, RM (Metropolitana)",https://www.portalinmobiliario.com/MLC-1565553305-departamento2-dormitorios-2-banos-la-florida-estacionamiento-_JM#polycard_client=search-nordic&position=46&search_layout=grid&type=item&tracking_id=ba08e836-a52e-4595-bf21-1dc7170e2b0d
Av. Tobalaba/palena-parque La Quebrada Macul (c/ Estacion.),$,500000,"Av. Tobalaba 7267, La Florida, La Florida Alto, La Florida, RM (Metropolitana)",https://www.portalinmobiliario.com/MLC-1554282741-av-tobalabapalena-parque-la-quebrada-macul-c-estacion-_JM#polycard_client=search-nordic&position=47&search_layout=grid&type=item&tracking_id=b59fb353-ffef-4b3c-832d-edc0df94aa36
Arriendo Año Corrido Departamento Nuevo Villarrica,$,580000,"C. Costanera O Pucará 2050, Centro de Villarrica, Villarrica, La Araucanía",https://www.portalinmobiliario.com/MLC-1561750485-arriendo-ano-corrido-departamento-nuevo-villarrica-_JM#polycard_client=search-nordic&position=48&search_layout=grid&type=item&tracking_id=92765add-b0c4-4fb7-aed9-693962ea8cc2
Departamento En Arriendo En Providencia,$,550000,"Sector Metro Pedro De Valdivia, Pedro de Valdivia, Providencia, RM (Metropolitana)",https://departamento.mercadolibre.cl/MLC-1565481115-departamento-en-arriendo-en-providencia-_JM#polycard_client=search-nordic&position=1&search_layout=grid&type=item&tracking_id=af735dac-43cb-439e-95e1-1e4e7e0e1ce5
"Amplio Depto,parque San Eugenio-metro Ñuble (c/ Estacionam.)",$,550000,"San Eugenio 1350, Parque San Eugenio - Metro Ñuble, Ñuñoa, RM (Metropolitana)",https://www.portalinmobiliario.com/MLC-1566852379-amplio-deptoparque-san-eugenio-metro-nuble-c-estacionam-_JM#polycard_client=search-nordic&position=2&search_layout=grid&type=item&tracking_id=86809087-a12c-4bac-92fd-ccb65a8ad0c5
Arrienda Dpto Nvo 2d + 2b + Terraza - Metro Vicente Valdés,$,550000,"Alonso De Ercilla 7935, Santiago, La Florida, Vicente Valdés, La Florida, RM (Metropolitana)",https://www.portalinmobiliario.com/MLC-1551519719-arrienda-dpto-nvo-2d-2b-terraza-metro-vicente-valdes-_JM#polycard_client=search-nordic&position=3&search_layout=grid&type=item&tracking_id=3e44cda1-f5b8-4a38-9860-7d450ae8e67e
Arriendo / Av. Vicuña Mackenna / La Florida,$,550001,"Arriendo / Av. Vicuña Mackenna/ La Florida, Los Quillayes, La Florida, RM (Metropolitana)",https://www.portalinmobiliario.com/MLC-1562017247-arriendo-av-vicuna-mackenna-la-florida-_JM#polycard_client=search-nordic&position=4&search_layout=grid&type=item&tracking_id=4641e056-929f-40fa-ac35-f9482479e0bd
Precioso Departamento Nuevo Se Arrienda Sin Muebles,$,550000,"Av. Vicuña Mackenna 6633, La Florida, Plaza Vespucio, La Florida, RM (Metropolitana)",https://www.portalinmobiliario.com/MLC-1566531835-precioso-departamento-nuevo-se-arrienda-sin-muebles-_JM#polycard_client=search-nordic&position=5&search_layout=grid&type=item&tracking_id=edf9065e-743a-42a9-9b71-19af083c7eda
Departamento 1d/1b Nva De Lyon & Andres Bello,$,550000,"Nueva De Lyon 150, Providencia, Los Leones, Providencia, RM (Metropolitana)",https://www.portalinmobiliario.com/MLC-2824854974-departamento-1d1b-nva-de-lyon-andres-bello-_JM#polycard_client=search-nordic&position=6&search_layout=grid&type=item&tracking_id=dc05e260-0417-49bf-aa10-159245ccce64
Departamento En Arriendo En Recoleta / Dominica,$,560000,"Amplio Tipo Mariposa / Dominica / Clínica Davila, Patronato, Recoleta, RM (Metropolitana)",https://www.portalinmobiliario.com/MLC-1559941045-departamento-en-arriendo-en-recoleta-dominica-_JM#polycard_client=search-nordic&position=7&search_layout=grid&type=item&tracking_id=d916dfa6-f230-4d03-aaba-516ff21df830
"Arriendo Departamento 48 M2, Lomas San Andrés",$,500000,"Calle Nueva 1328, Lomas de San Andrés, Concepción, Biobío",https://www.portalinmobiliario.com/MLC-2820338880-arriendo-departamento-48-m2-lomas-san-andres-_JM#polycard_client=search-nordic&position=8&search_layout=grid&type=item&tracking_id=a99c24d2-410a-4c7f-90d4-886071f9bd4e
Depto Amoblado La Serena Av. Puerta Del Mar - 2d 1b + Estac.,$,580000,"Avenida Puerta Del Mar 425, Puerta del Mar, La Serena, Coquimbo",https://www.portalinmobiliario.com/MLC-1563503009-depto-amoblado-la-serena-av-puerta-del-mar-2d-1b-estac-_JM#polycard_client=search-nordic&position=9&search_layout=grid&type=item&tracking_id=010a0ebc-7444-4a33-82eb-54d82d1e6bbb
"Departamento En Arriendo Estilo Mariposa, Exequiel Fernández",$,576548,"Exequiel Fernández 1350, Estadio Nacional, Ñuñoa, RM (Metropolitana)",https://www.portalinmobiliario.com/MLC-1529395293-departamento-en-arriendo-estilo-mariposa-exequiel-fernandez-_JM#polycard_client=search-nordic&position=10&search_layout=grid&type=item&tracking_id=fe707a27-c797-4f61-b1d8-7bef46e4df2a
Hernán Cortés. Departamento 1d+1b. Esquina P. De Valdivia,$,540000,"Avenida Pedro De Valdivia 2602, Ñuñoa, Chile, Metro Ñuñoa, Ñuñoa, RM (Metropolitana)",https://departamento.mercadolibre.cl/MLC-1549569551-hernan-cortes-departamento-1d1b-esquina-p-de-valdivia-_JM#polycard_client=search-nordic&position=11&search_layout=grid&type=item&tracking_id=009ac9f8-6fe9-411a-95a4-610880ff1e65
"Departamento Amoblado En Arriendo, Lira, Santiago",$,600000,"Lira 150, Santiago, Chile, Santa Isabel, Santiago, RM (Metropolitana)",https://www.portalinmobiliario.com/MLC-2814778922-departamento-amoblado-en-arriendo-lira-santiago-_JM#polycard_client=search-nordic&position=12&search_layout=grid&type=item&tracking_id=51e714ce-0807-412b-b638-fcb60b38b3e0
Departamento En Arriendo - Nuevo - Jardines Del Portal,$,580000,"Los Pablos 2031, Temuco, Estadio Germán Becker, Temuco, La Araucanía",https://www.portalinmobiliario.com/MLC-2788460542-departamento-en-arriendo-nuevo-jardines-del-portal-_JM#polycard_client=search-nordic&position=13&search_layout=grid&type=item&tracking_id=a9928c7d-eaf4-42d8-83b0-d009a72e61fe
Amplio Dpto Dos Dormit Y Dos Bañoa Con Estac,$,600000,"Huérfanos 1919, Santiago, Barrio Brasil, Santiago, RM (Metropolitana)",https://www.portalinmobiliario.com/MLC-2814877320-amplio-dpto-dos-dormit-y-dos-banoa-con-estac-_JM#polycard_client=search-nordic&position=14&search_layout=grid&type=item&tracking_id=8a561c31-86a5-431b-bacd-38eab27272b7
"Estilo Mediterráneo, Vista Parcial Al Mar, Frente A Plaza.",$,520000,"Las Ágatas, Viña Del Mar, Reñaca, Viña Del Mar, Valparaíso",https://www.portalinmobiliario.com/MLC-1561177229-estilo-mediterraneo-vista-parcial-al-mar-frente-a-plaza-_JM#polycard_client=search-nordic&position=15&search_layout=grid&type=item&tracking_id=b318a326-52b0-4ae9-80e0-0145198a345b
Departamento 2d+2b+est.y Bodega,$,600000,"Condominio Altos De Curauma - Av. Borde Laguna 1407, Valparaíso, Curauma, Valparaíso, Valparaíso",https://www.portalinmobiliario.com/MLC-1561380863-departamento-2d2besty-bodega-_JM#polycard_client=search-nordic&position=16&search_layout=grid&type=item&tracking_id=f48217f4-7eac-4118-9459-7e0bbebae33a
"Departamento 1 Dormitorios 1 Baño, Metro Irarrázaval Ñuñoa",$,519790,"San Eugenio 401, Ñuñoa, Chile, Parque San Eugenio - Metro Ñuble, Ñuñoa, RM (Metropolitana)",https://www.portalinmobiliario.com/MLC-1561215229-departamento-1-dormitorios-1-bano-metro-irarrazaval-nunoa-_JM#polycard_client=search-nordic&position=17&search_layout=grid&type=item&tracking_id=09838ebc-9fce-4811-8196-2135f86b7604
Departamento Quilpue El Retiro 3d+2b+estacionamiento,$,570000,"Bruselas 334, Quilpué, El Retiro - Zoológico, Quilpué, Valparaíso",https://www.portalinmobiliario.com/MLC-1560600645-departamento-quilpue-el-retiro-3d2bestacionamiento-_JM#polycard_client=search-nordic&position=18&search_layout=grid&type=item&tracking_id=fcde6cea-1b16-4ca0-b0ab-7da10364d970
Departamento Quilpue El Retiro 2d+2b+est.,$,510000,"Bruselas 334, Quilpué, El Retiro - Zoológico, Quilpué, Valparaíso",https://www.portalinmobiliario.com/MLC-1560535385-departamento-quilpue-el-retiro-2d2best-_JM#polycard_client=search-nordic&position=19&search_layout=grid&type=item&tracking_id=df2762bb-522f-48a6-9076-c42991448bd0
Comodo Departamento En Sector Lastarria,$,550000,"Monjitas 360, Santiago, Barrio Lastarria, Santiago, RM (Metropolitana)",https://www.portalinmobiliario.com/MLC-2800768968-comodo-departamento-en-sector-lastarria-_JM#polycard_client=search-nordic&position=20&search_layout=grid&type=item&tracking_id=ee12ba52-b66c-4961-94be-f5569dd4e85b
Arriendo Depto A Pásos Metro El Llano San Miguel,$,600000,"Magdalena Vicuña 1280, San Miguel, El Llano, San Miguel, RM (Metropolitana)",https://www.portalinmobiliario.com/MLC-1563155963-arriendo-depto-a-pasos-metro-el-llano-san-miguel-_JM#polycard_client=search-nordic&position=21&search_layout=grid&type=item&tracking_id=3918c24e-ca6d-4524-a882-b6a7df51d63f
Depto 1 Dorm Con Vista Al Mar,$,600000,"Depto Nuevo, Sector Norte, Parque Juan López, Antofagasta, Antofagasta",https://www.portalinmobiliario.com/MLC-2805460200-depto-1-dorm-con-vista-al-mar-_JM#polycard_client=search-nordic&position=22&search_layout=grid&type=item&tracking_id=f58ac72a-3c27-4103-9188-972f3833380c
Depto Amoblado Av Costanera,$,500000,"Depto Amoblado Av Costanera, Avenida Costanera, Coquimbo, Coquimbo",https://www.portalinmobiliario.com/MLC-2554154594-depto-amoblado-av-costanera-_JM#polycard_client=search-nordic&position=23&search_layout=grid&type=item&tracking_id=27462165-a118-4701-b89a-1ee4ffd42628
Av Pacifico,$,580000,"Av Pacifico, Avenida del Mar, La Serena, Coquimbo",https://www.portalinmobiliario.com/MLC-2791421046-av-pacifico-_JM#polycard_client=search-nordic&position=24&search_layout=grid&type=item&tracking_id=09d9edd6-4323-4d6a-b268-70c891a61e35
Arriendo Depto 2d 2b Estilo Mariposa En Bosques De Montemar,$,600000,"Los Prunos, Concón, Montemar, Concón, Valparaíso",https://www.portalinmobiliario.com/MLC-1563904853-arriendo-depto-2d-2b-estilo-mariposa-en-bosques-de-montemar-_JM#polycard_client=search-nordic&position=25&search_layout=grid&type=item&tracking_id=cb77d058-22f5-468c-842b-9da8eb596b40
"En Excelente Ubicación, Cercano A Metro",$,576548,"Escandinavia 435, Metro Manquehue - Apumanque, Las Condes, RM (Metropolitana)",https://www.portalinmobiliario.com/MLC-2809139024-en-excelente-ubicacion-cercano-a-metro-_JM#polycard_client=search-nordic&position=26&search_layout=grid&type=item&tracking_id=212e7d7a-8dcd-4e3a-881b-c3fc3ed17166
"Vista Al Mar En Recreo, Departamento De 3 Dormitorios",$,600000,"C. Del Agua 1050, Viña Del Mar, Recreo, Viña Del Mar, Valparaíso",https://www.portalinmobiliario.com/MLC-1555412179-vista-al-mar-en-recreo-departamento-de-3-dormitorios-_JM#polycard_client=search-nordic&position=27&search_layout=grid&type=item&tracking_id=bee218ad-0494-4765-aa36-250e6d308f31
Acogedor Depto. Ubicado En Stgo Centro Catedral 2d 2b 1 E 1b,$,520000,"Catedral 1402, Santiago, Centro Histórico de Santiago, Santiago, RM (Metropolitana)",https://www.portalinmobiliario.com/MLC-1559116625-acogedor-depto-ubicado-en-stgo-centro-catedral-2d-2b-1-e-1b-_JM#polycard_client=search-nordic&position=28&search_layout=grid&type=item&tracking_id=bebfad7d-d9b5-4d4f-a177-8efeffe28512
"Departamento Nuevo, La Cisterna",$,590000,"Departamento Frente Al Parque, La Cisterna, El Parrón, La Cisterna, RM (Metropolitana)",https://www.portalinmobiliario.com/MLC-1544965343-departamento-nuevo-la-cisterna-_JM#polycard_client=search-nordic&position=29&search_layout=grid&type=item&tracking_id=e570dd9f-a6fe-4843-a9f8-5a20d4247c6a
Arriendo Departamento 2d/2b Ed. Reserva Lomas Puerto Montt,$,600000,"Avenida Bellavista 1090, Puerto Montt, Puerto Montt, Los Lagos",https://www.portalinmobiliario.com/MLC-2777487972-arriendo-departamento-2d2b-ed-reserva-lomas-puerto-montt-_JM#polycard_client=search-nordic&position=30&search_layout=grid&type=item&tracking_id=3fab3a8a-c933-4fd7-895a-9f3b5b869115
Arriendo Departamento 3 Dormitorios 2 Estacionamientos Metro,$,545000,"Av. La Marina 1314, San Miguel, Lo Vial, San Miguel, RM (Metropolitana)",https://www.portalinmobiliario.com/MLC-1561681387-arriendo-departamento-3-dormitorios-2-estacionamientos-metro-_JM#polycard_client=search-nordic&position=31&search_layout=grid&type=item&tracking_id=9d625d94-cc0b-4106-ac81-e5bacb2c6fd9
Departamento Cerro Placeres Valparaíso Amoblado,$,580000,"Mercedes 502, 2390395 Valparaíso, Chile, Cerro Placeres, Valparaíso, Valparaíso",https://www.portalinmobiliario.com/MLC-2800363212-departamento-cerro-placeres-valparaiso-amoblado-_JM#polycard_client=search-nordic&position=32&search_layout=grid&type=item&tracking_id=0d0ca20b-4c68-4c60-8ce7-450237d61cc8
Departamento En Arriendo De 3 Dorm. En Santiago,$,600000,"Metro Parque Almagro, San Diego, Santiago, RM (Metropolitana)",https://www.portalinmobiliario.com/MLC-1560314611-departamento-en-arriendo-de-3-dorm-en-santiago-_JM#polycard_client=search-nordic&position=33&search_layout=grid&type=item&tracking_id=0d15dcc7-7b81-4f07-8b92-323395fa9fa3
"Lindo Departamento 3d, 2b, 1e Y Bd. San Miguel El Llano",$,550000,"Alcalde Pedro Alarcón 963, Santiago, San Miguel, El Llano, San Miguel, RM (Metropolitana)",https://www.portalinmobiliario.com/MLC-2784098074-lindo-departamento-3d-2b-1e-y-bd-san-miguel-el-llano-_JM#polycard_client=search-nordic&position=34&search_layout=grid&type=item&tracking_id=d9be82fc-ca20-4007-a931-eb973fd01209
Reñaca Park 1 Marzo A Diciembre 2025 Amoblado,$,500000,"Av. José Manuel Balmaceda 365, Viña Del Mar, Reñaca, Viña Del Mar, Valparaíso",https://www.portalinmobiliario.com/MLC-2807346530-renaca-park-1-marzo-a-diciembre-2025-amoblado-_JM#polycard_client=search-nordic&position=35&search_layout=grid&type=item&tracking_id=e616a272-5011-4ade-b21e-4e3e078b6207
Se Arrienda Departamento Amoblado Centro Concepción,$,600000,"Freire 1190, Centro de Concepción, Concepción, Biobío",https://www.portalinmobiliario.com/MLC-2808286406-se-arrienda-departamento-amoblado-centro-concepcion-_JM#polycard_client=search-nordic&position=36&search_layout=grid&type=item&tracking_id=4d65311c-3361-4714-b9d2-ddbff627e1b1
Lindo 2d2b Mariposa+ Terraza Extra Grande+ 2 Estacionamiento,$,500000,"Av. Pdte. Balmaceda 2610, Santiago, Parque Los Reyes, Santiago, RM (Metropolitana)",https://www.portalinmobiliario.com/MLC-2814622764-lindo-2d2b-mariposa-terraza-extra-grande-2-estacionamiento-_JM#polycard_client=search-nordic&position=37&search_layout=grid&type=item&tracking_id=1095da7b-98e8-48ec-852a-ef6efe8d2b9c
Departamento En Arriendo En Antofagasta 1 Dorm Amoblado,$,580000,"Sector Centro, Centro de Antofagasta, Antofagasta, Antofagasta",https://www.portalinmobiliario.com/MLC-1558927931-departamento-en-arriendo-en-antofagasta-1-dorm-amoblado-_JM#polycard_client=search-nordic&position=38&search_layout=grid&type=item&tracking_id=99cfbe1d-0556-4723-8753-fa6ddb928b16
Se Arrienda Depto 3 Dormitorios Y 2 Baños Stgo Centro. Calle,$,550000,"Morande 626, Centro Histórico de Santiago, Santiago, RM (Metropolitana)",https://www.portalinmobiliario.com/MLC-2806360486-se-arrienda-depto-3-dormitorios-y-2-banos-stgo-centro-calle-_JM#polycard_client=search-nordic&position=39&search_layout=grid&type=item&tracking_id=3d3526a9-0ea4-4c62-b765-204984483a95
Dos Habitaciones Grandes/r.magallanes/ A. La Florida,$,580000,"Rojas Magallanes / La Florida, La Florida Alto, La Florida, RM (Metropolitana)",https://www.portalinmobiliario.com/MLC-1557834123-dos-habitaciones-grandesrmagallanes-a-la-florida-_JM#polycard_client=search-nordic&position=40&search_layout=grid&type=item&tracking_id=c5335c22-53b2-4e31-af15-b1970466ea12
Arriendo Departamento En La Florida - Casa Azzul Propiedades,$,500000,"Diego Portales / Nuevo Continente, Los Quillayes, La Florida, RM (Metropolitana)",https://www.portalinmobiliario.com/MLC-2809790886-arriendo-departamento-en-la-florida-casa-azzul-propiedades-_JM#polycard_client=search-nordic&position=41&search_layout=grid&type=item&tracking_id=46a9be52-eb21-4657-a275-d1b73341b8b1
"¡tu Próximo Hogar En Ñuñoa, A Pasos De Barrio Italia!.",$,550000,"Condell 1807, Ñuñoa, Metro Irarrázaval, Ñuñoa, RM (Metropolitana)",https://www.portalinmobiliario.com/MLC-2815435648-tu-proximo-hogar-en-nunoa-a-pasos-de-barrio-italia-_JM#polycard_client=search-nordic&position=42&search_layout=grid&type=item&tracking_id=65a0b65f-77c9-43cf-83df-0981642547b5
"Departamento 135 M2, 4 Dormitorios, 3 Baños, Alameda/mc Iver",$,600000,"Alameda 723 Departamento 48, Centro Histórico de Santiago, Santiago, RM (Metropolitana)",https://www.portalinmobiliario.com/MLC-2805447254-departamento-135-m2-4-dormitorios-3-banos-alamedamc-iver-_JM#polycard_client=search-nordic&position=43&search_layout=grid&type=item&tracking_id=4e3d9408-e2f0-4a3d-aa25-f49f454089cc
"S Y A Asociados Arrienda, Gastos Comunes Incluidos, Departam",$,550000,"Avda. Dorsal 1395, Depto 201, Torre F, General Gambino, Conchalí, RM (Metropolitana)",https://www.portalinmobiliario.com/MLC-2809726956-s-y-a-asociados-arrienda-gastos-comunes-incluidos-departam-_JM#polycard_client=search-nordic&position=44&search_layout=grid&type=item&tracking_id=abc09008-8db8-43e8-9ec0-c72c967f2be9
"Oportunidad! Se Arrienda Depto. 2d, 1b Amoblado En Gregorio",$,550000,"Sendero Norte, Viña Del Mar, Valparaíso",https://www.portalinmobiliario.com/MLC-2809688294-oportunidad-se-arrienda-depto-2d-1b-amoblado-en-gregorio-_JM#polycard_client=search-nordic&position=45&search_layout=grid&type=item&tracking_id=988b9ddf-d6d1-45d8-b4be-7301dbbcda8f
Departamento En Arriendo En Las Condes,$,570000,"Carlos Xii, Metro Manquehue - Apumanque, Las Condes, RM (Metropolitana)",https://www.portalinmobiliario.com/MLC-2805560052-departamento-en-arriendo-en-las-condes-_JM#polycard_client=search-nordic&position=46&search_layout=grid&type=item&tracking_id=a206eb9c-ee6e-4e0c-bf96-06f6d27c11bf
Arriendo Año Corrido Semi Loft En La Serena,$,580000,"Avenida Gabriela Mistral, San Joaquín, La Serena, Coquimbo",https://www.portalinmobiliario.com/MLC-1534068807-arriendo-ano-corrido-semi-loft-en-la-serena-_JM#polycard_client=search-nordic&position=47&search_layout=grid&type=item&tracking_id=8481d057-4205-4a94-9f9a-914659ca3157
Arriendo 2 Dormitorios Con Estacionamiento Ñuñoa,$,600000,"Sector Estadio Nacional, Estadio Nacional, Ñuñoa, RM (Metropolitana)",https://www.portalinmobiliario.com/MLC-2790903850-arriendo-2-dormitorios-con-estacionamiento-nunoa-_JM#polycard_client=search-nordic&position=48&search_layout=grid&type=item&tracking_id=36c17624-41ff-4ad7-b00e-b7f9a0daa2ba
